PERSON_ID,DISPLAY_FIRST_LAST,BIRTHDATE,SCHOOL,COUNTRY,HEIGHT,WEIGHT,SEASON_EXP,JERSEY,POSITION,FROM_YEAR,DRAFT_YEAR
1630173,Precious Achiuwa,1999-09-19,Memphis,Nigeria,6-8,225,1,5,Forward,2020,2020
203500,Steven Adams,1993-07-20,Pittsburgh,New Zealand,6-11,265,8,4,Center,2013,2013
1628389,Bam Adebayo,1997-07-18,Kentucky,USA,6-9,255,4,13,Center-Forward,2017,2017
1630583,Santi Aldama,2001-01-10,Loyola-Maryland,Spain,6-11,215,0,7,Forward-Center,2021,2021
200746,LaMarcus Aldridge,1985-07-19,Texas-Austin,USA,6-11,250,15,21,Center-Forward,2006,2006
1629638,Nickeil Alexander-Walker,1998-09-02,Virginia Tech,Canada,6-5,205,2,6,Guard,2019,2019
1628960,Grayson Allen,1995-10-08,Duke,USA,6-4,198,3,7,Guard,2018,2018
1628386,Jarrett Allen,1998-04-21,Texas-Austin,USA,6-10,243,4,31,Center,2017,2017
1630247,Derrick Alston Jr.,1997-09-17,Boise State,USA,,,0,,,,Undrafted
1630631,Jose Alvarado,1998-04-12,Georgia Tech,USA,6-0,179,0,15,Guard,2021,Undrafted
202329,Al-Farouq Aminu,1990-09-21,Wake Forest,USA,6-8,220,12,5,Forward,2010,2010
203937,Kyle Anderson,1993-09-20,UCLA,USA,6-9,230,7,1,Forward-Guard,2014,2014
203507,Giannis Antetokounmpo,1994-12-06,Filathlitikos,Greece,6-11,242,8,34,Forward,2013,2013
203648,Thanasis Antetokounmpo,1992-07-18,Panathinaikos,Greece,6-6,219,3,43,Forward,2015,2014
2546,Carmelo Anthony,1984-05-29,Syracuse,USA,6-7,238,18,7,Forward,2003,2003
1630175,Cole Anthony,2000-05-15,North Carolina,USA,6-3,185,1,50,Guard,2020,2020
1628384,OG Anunoby,1997-07-17,Indiana,United Kingdom,6-7,232,4,3,Forward,2017,2017
1627853,Ryan Arcidiacono,1994-03-26,Villanova,USA,6-3,195,4,51,Guard,2017,Undrafted
2772,Trevor Ariza,1985-06-30,UCLA,USA,6-8,215,17,,Forward,2004,2004
201571,D.J. Augustin,1987-11-10,Texas-Austin,USA,5-11,183,13,4,Guard,2008,2008
1630166,Deni Avdija,2001-01-03,Maccabi Tel Aviv,Israel,6-9,210,1,9,Forward,2020,2020
1630555,Joel Ayayi,2000-03-05,Gonzaga,France,6-4,180,0,,Guard,2021,Undrafted
1629028,Deandre Ayton,1998-07-23,Arizona,Bahamas,6-11,250,3,22,Center,2018,2018
1628962,Udoka Azubuike,1999-09-17,Kansas,Nigeria,7-0,270,1,20,Center-Forward,2020,2020
1628407,Dwayne Bacon,1995-08-30,Florida State,USA,6-6,221,5,8,Guard-Forward,2017,2017
1628963,Marvin Bagley III,1999-03-14,Duke,USA,6-11,235,3,35,Forward,2018,2018
1630163,LaMelo Ball,2001-08-22,Illawarra,USA,6-7,180,1,2,Guard,2020,2020
1628366,Lonzo Ball,1997-10-27,UCLA,USA,6-6,190,4,2,Guard,2017,2017
1630642,Mitch Ballock,1998-07-02,Creighton,USA,,,0,,,,Undrafted
1628964,Mo Bamba,1998-05-12,Texas-Austin,USA,7-0,231,3,5,Center,2018,2018
1630217,Desmond Bane,1998-06-25,TCU,USA,6-5,215,1,22,Guard,2020,2020
1630625,Dalano Banton,1999-11-07,Nebraska,Canada,6-7,204,0,45,Forward,2021,2021
203084,Harrison Barnes,1992-05-30,North Carolina,USA,6-8,225,9,40,Forward,2012,2012
1630567,Scottie Barnes,2001-08-01,Florida State,USA,6-7,225,0,4,Forward,2021,2021
1629628,RJ Barrett,2000-06-14,Duke,Canada,6-6,214,2,9,Forward-Guard,2019,2019
203115,Will Barton,1991-01-06,Memphis,USA,6-5,181,9,5,Guard,2012,2012
1629646,Charles Bassey,2000-10-28,Western Kentucky,Nigeria,6-9,230,0,23,Center-Forward,2021,2021
1628966,Keita Bates-Diop,1996-01-23,Ohio State,USA,6-8,229,3,31,Forward,2018,2018
201587,Nicolas Batum,1988-12-14,Le Mans,France,6-8,230,13,33,Guard-Forward,2008,2008
203145,Kent Bazemore,1989-07-01,Old Dominion,USA,6-4,195,9,9,Guard-Forward,2012,Undrafted
1629647,Darius Bazley,2000-06-12,Princeton HS (OH),USA,6-8,208,2,7,Forward,2019,2019
203078,Bradley Beal,1993-06-28,Florida,USA,6-4,207,9,3,Guard,2012,2012
1627736,Malik Beasley,1996-11-26,Florida State,USA,6-4,187,5,5,Guard,2016,2016
1628395,Jordan Bell,1995-01-07,Oregon,USA,6-7,216,4,,Forward,2017,2017
1627761,DeAndre' Bembry,1994-07-04,St. Joseph's (PA),USA,6-5,210,5,,Guard-Forward,2016,2016
202722,Davis Bertans,1992-11-12,Baskonia,Latvia,6-10,225,5,44,Forward,2016,2011
201976,Patrick Beverley,1988-07-12,Arkansas,USA,6-1,180,9,22,Guard,2012,2009
1630180,Saddiq Bey,1999-04-09,Villanova,USA,6-7,215,1,41,Forward,2020,2020
1630189,Tyler Bey,1998-02-10,Colorado,USA,6-7,215,2,2,Forward,2020,2020
203920,Khem Birch,1992-09-28,UNLV,Canada,6-9,233,4,24,Center,2017,Undrafted
1629048,Goga Bitadze,1999-07-20,Mega Basket,Georgia,7-0,250,2,88,Center-Forward,2019,2019
202357,Nemanja Bjelica,1988-05-09,Fenerbahce,Serbia,6-9,234,6,8,Forward,2015,2010
204028,Tarik Black,1991-11-22,Kansas,USA,6-9,250,5,28,Forward-Center,2014,Undrafted
202339,Eric Bledsoe,1989-12-09,Kentucky,USA,6-1,214,11,5,Guard,2010,2010
1629833,Keljin Blevins,1995-11-24,Montana State,USA,6-4,200,1,21,Guard,2020,2019
203992,Bogdan Bogdanovic,1992-08-18,Fenerbahce,Serbia,6-6,225,4,13,Guard,2017,2014
202711,Bojan Bogdanovic,1989-04-18,Fenerbahce,Croatia,6-7,226,7,44,Forward,2014,2011
1629626,Bol Bol,1999-11-16,Oregon,Sudan,7-2,220,2,10,Center-Forward,2019,2019
1629716,Marques Bolden,1998-04-17,Duke,USA,6-10,249,3,,Center,2019,2019
1630195,Leandro Bolmaro,2000-09-11,FC Barcelona,Argentina,6-6,200,0,9,Forward,2021,2020
1629067,Isaac Bonga,1999-11-08,Skyliners Frankfurt,Germany,6-8,180,3,17,Guard,2018,2018
1626164,Devin Booker,1996-10-30,Kentucky,USA,6-5,206,6,1,Guard,2015,2015
1630527,Brandon Boston Jr.,2001-11-28,Kentucky,USA,6-6,188,0,4,Guard,2021,2021
1628449,Chris Boucher,1993-01-11,Oregon,Saint Lucia,6-9,200,4,25,Forward-Center,2017,Undrafted
1630547,James Bouknight,2000-09-18,Connecticut,USA,6-4,190,0,5,Guard,2021,2021
1628968,Brian Bowen II,1998-10-02,                                   ,USA,6-6,190,3,,Forward-Guard,2019,Undrafted
202340,Avery Bradley,1990-11-26,Texas-Austin,USA,6-3,180,11,20,Guard,2010,2010
1628396,Tony Bradley,1998-01-08,North Carolina,USA,6-10,248,4,13,Center-Forward,2017,2017
1629649,Ignas Brazdeikis,1999-01-08,Michigan,Canada,6-6,221,2,17,Forward,2019,2019
1628969,Mikal Bridges,1996-08-30,Villanova,USA,6-6,209,3,25,Forward,2018,2018
1628970,Miles Bridges,1998-03-21,Michigan State,USA,6-7,225,3,0,Forward,2018,2018
1629052,Oshae Brissett,1998-06-20,Syracuse,Canada,6-7,210,2,12,Forward-Guard,2019,Undrafted
1627763,Malcolm Brogdon,1992-12-11,Virginia,USA,6-5,229,5,7,Guard,2016,2016
1629717,Armoni Brooks,1998-06-05,Houston,USA,6-3,195,1,1,Guard,2020,2019
1628415,Dillon Brooks,1996-01-22,Oregon,Canada,6-7,225,4,24,Guard-Forward,2017,2017
1628971,Bruce Brown,1996-08-15,Miami,USA,6-4,202,3,1,Guard-Forward,2018,2018
1630602,Chaundee Brown Jr.,1998-12-04,Michigan,USA,6-5,215,0,38,Forward,2021,Undrafted
1627759,Jaylen Brown,1996-10-24,California,USA,6-6,223,5,7,Guard-Forward,2016,2016
1629650,Moses Brown,1999-10-13,UCLA,USA,7-2,245,2,6,Center,2019,Undrafted
1628425,Sterling Brown,1995-02-10,Southern Methodist,USA,6-5,219,4,0,Guard-Forward,2017,2017
1630535,Greg Brown III,2001-09-01,Texas-Austin,USA,6-7,206,0,4,Forward,2021,2021
1628972,Troy Brown Jr.,1999-07-28,Oregon,USA,6-6,215,3,7,Guard-Forward,2018,2018
1628973,Jalen Brunson,1996-08-31,Villanova,USA,6-1,190,3,13,Guard,2018,2018
1629091,Elijah Bryant,1995-04-19,Brigham Young,USA,6-5,210,2,3,Guard,2020,Undrafted
1628418,Thomas Bryant,1997-07-31,Indiana,USA,6-10,248,4,13,Center-Forward,2017,2017
1629783,Shaq Buchanan,1997-01-30,Murray State,USA,6-3,190,0,,Guard,2021,Undrafted
203493,Reggie Bullock,1991-03-16,North Carolina,USA,6-6,205,8,25,Guard-Forward,2013,2013
203504,Trey Burke,1992-11-12,Michigan,USA,6-0,185,8,3,Guard,2013,2013
202692,Alec Burks,1991-07-20,Colorado,USA,6-6,214,10,18,Guard,2011,2011
1630215,Jared Butler,2000-08-25,Baylor,USA,6-3,193,0,13,Guard,2021,2021
202710,Jimmy Butler,1989-09-14,Marquette,USA,6-7,230,10,22,Forward,2011,2011
1629719,Devontae Cacok,1996-10-08,North Carolina-Wilmington,USA,6-7,240,2,18,Forward,2019,Undrafted
203484,Kentavious Caldwell-Pope,1993-02-18,Georgia,USA,6-5,204,8,1,Guard,2013,2013
1630267,Facundo Campazzo,1991-03-23,Murcia,Argentina,5-10,195,1,7,Guard,2020,Undrafted
1628427,Vlatko Cancar,1997-04-10,San Pablo Burgos,Slovenia,6-8,236,2,31,Forward,2019,2017
203991,Clint Capela,1994-05-18,Elan Chalon,Switzerland,6-10,256,7,15,Center,2014,2014
1630176,Vernon Carey Jr.,2001-02-25,Duke,USA,6-9,270,1,22,Forward-Center,2020,2020
1628975,Jevon Carter,1995-09-14,West Virginia,USA,6-1,200,3,5,Guard,2018,2018
1628976,Wendell Carter Jr.,1999-04-16,Duke,USA,6-10,270,3,34,Center-Forward,2018,2018
203487,Michael Carter-Williams,1991-10-10,Syracuse,USA,6-5,190,9,7,Guard,2013,2013
1630618,D.J. Carton,2000-08-05,Marquette,USA,,,0,,,,Undrafted
1627936,Alex Caruso,1994-02-28,Texas A&M,USA,6-5,186,4,6,Guard,2017,Undrafted
1626161,Willie Cauley-Stein,1993-08-18,Kentucky,USA,7-0,240,6,,Center,2015,2015
1630551,Justin Champagnie,2001-06-29,Pittsburgh,USA,6-6,206,0,11,Guard-Forward,2021,Undrafted
1629597,Zylan Cheatham,1995-11-17,Arizona State,USA,6-5,220,1,,Forward,2019,Undrafted
1629185,Chris Chiozza,1995-11-21,Florida,USA,5-11,175,3,2,Guard,2018,Undrafted
1627737,Marquese Chriss,1997-07-02,Washington,USA,6-9,240,5,35,Forward,2016,2016
1630528,Josh Christopher,2001-12-08,Arizona State,USA,6-3,215,0,9,Guard,2021,2021
1629634,Brandon Clarke,1996-09-19,Gonzaga,Canada,6-8,215,2,15,Forward,2019,2019
203903,Jordan Clarkson,1992-06-07,Missouri,USA,6-4,194,7,00,Guard,2014,2014
1629651,Nic Claxton,1999-04-17,Georgia,USA,6-11,215,2,33,Forward-Center,2019,2019
1629599,Amir Coffey,1997-06-17,Minnesota,USA,6-7,210,2,7,Guard-Forward,2019,Undrafted
1630645,Matt Coleman III,1998-01-22,Texas,USA,,,0,,,,Undrafted
1628381,John Collins,1997-09-23,Wake Forest,USA,6-9,226,4,20,Forward-Center,2017,2017
1628380,Zach Collins,1997-11-19,Gonzaga,USA,6-11,250,3,23,Forward-Center,2017,2017
201144,Mike Conley,1987-10-11,Ohio State,USA,6-1,175,14,11,Guard,2007,2007
1626192,Pat Connaughton,1993-01-06,Notre Dame,USA,6-5,209,6,24,Guard,2015,2015
1626188,Quinn Cook,1993-03-23,Duke,USA,6-1,180,6,,Guard,2016,Undrafted
1629076,Tyler Cook,1997-09-23,Iowa,USA,6-8,255,2,25,Forward,2019,Undrafted
1630536,Sharife Cooper,2001-06-11,Auburn,USA,6-1,176,0,2,Guard,2021,2021
1627822,Petr Cornelie,1995-07-26,France,France,6-11,220,0,,Forward,2021,2016
203496,Robert Covington,1990-12-14,Tennessee State,USA,6-7,209,8,23,Forward,2013,Undrafted
1628470,Torrey Craig,1990-12-19,South Carolina Upstate,USA,6-7,221,4,0,Forward,2017,Undrafted
203109,Jae Crowder,1990-07-06,Marquette,USA,6-6,235,9,99,Forward,2012,2012
1629633,Jarrett Culver,1999-02-20,Texas Tech,USA,6-6,195,2,23,Guard-Forward,2019,2019
1630595,Cade Cunningham,2001-09-25,Oklahoma State,USA,6-6,220,0,2,Guard,2021,2021
203099,Jared Cunningham,1991-05-22,Oregon State,USA,6-4,195,5,,Guard,2012,2012
203552,Seth Curry,1990-08-23,Duke,USA,6-2,185,7,30,Guard,2013,Undrafted
201939,Stephen Curry,1988-03-14,Davidson,USA,6-2,185,12,30,Guard,2009,2009
203076,Anthony Davis,1993-03-11,Kentucky,USA,6-10,253,9,3,Forward-Center,2012,2012
1629056,Terence Davis,1997-05-16,Mississippi,USA,6-4,201,2,3,Guard,2019,Undrafted
1629602,Javin DeLaurier,1998-04-07,Duke,USA,6-10,234,0,,Center,2021,Undrafted
201942,DeMar DeRozan,1989-08-07,Southern California,USA,6-6,220,12,11,Guard-Forward,2009,2009
1630466,Gabriel Deck,1995-02-08,                                   ,Argentina,6-6,231,1,,Forward,2020,Undrafted
203473,Dewayne Dedmon,1989-08-12,Southern California,USA,7-0,245,8,21,Center,2013,Undrafted
1626155,Sam Dekker,1994-05-06,Wisconsin,USA,6-8,219,4,,Forward,2015,2015
1628978,Donte DiVincenzo,1997-01-31,Villanova,USA,6-4,203,3,0,Guard,2018,2018
1629603,Mamadi Diakite,1997-01-21,Virginia,Guinea,6-9,228,1,,Forward,2020,Undrafted
1628977,Hamidou Diallo,1998-07-31,Kentucky,USA,6-5,202,3,6,Guard,2018,2018
203476,Gorgui Dieng,1990-01-18,Louisville,Senegal,6-10,248,8,10,Center,2013,2013
203915,Spencer Dinwiddie,1993-04-06,Colorado,USA,6-6,215,7,26,Guard,2014,2014
1629029,Luka Doncic,1999-02-28,Real Madrid,Slovenia,6-7,230,3,77,Forward-Guard,2018,2018
1629652,Luguentz Dort,1999-04-19,Arizona State,Canada,6-3,215,2,5,Guard,2019,Undrafted
1630245,Ayo Dosunmu,2000-01-17,Illinois,USA,6-4,200,0,12,Guard,2021,2021
1629653,Devon Dotson,1999-08-02,Kansas,USA,6-1,185,1,,Guard,2020,Undrafted
1629635,Sekou Doumbouya,2000-12-23,                                   ,France,6-9,230,2,,Forward,2019,2019
1630288,Jeff Dowtin,1997-05-10,Rhode Island,USA,6-3,177,0,,Guard,2021,Undrafted
1628408,P.J. Dozier,1996-10-25,South Carolina,USA,6-6,205,4,,Guard-Forward,2017,Undrafted
201609,Goran Dragic,1986-05-06,Union Olimpija,Slovenia,6-3,190,13,9,Guard,2008,2008
203083,Andre Drummond,1993-08-10,Connecticut,USA,6-10,279,9,0,Center,2012,2012
1630537,Chris Duarte,1997-06-13,Oregon,Dominican Republic,6-5,190,0,3,Guard,2021,2021
1630561,David Duke Jr.,1999-10-13,Providence,USA,6-4,204,0,6,Guard,2021,Undrafted
1627739,Kris Dunn,1994-03-18,Providence,USA,6-3,205,5,,Guard,2016,2016
201142,Kevin Durant,1988-09-29,Texas-Austin,USA,6-10,240,13,7,Forward,2007,2007
1630693,Jaime Echenique,1997-04-27,Wichita State,Colombia,6-10,258,0,,Center,2021,Undrafted
1630162,Anthony Edwards,2001-08-05,Georgia,USA,6-4,225,1,1,Guard,2020,2020
1630556,Kessler Edwards,2000-08-09,Pepperdine,USA,6-7,203,0,14,Forward,2021,2021
1630306,Rob Edwards,1997-01-20,Arizona State,USA,6-5,205,0,,Guard,2021,Undrafted
1629604,CJ Elleby,2000-06-16,Washington State,USA,6-6,200,1,16,Forward-Guard,2020,2020
201961,Wayne Ellington,1987-11-29,North Carolina,USA,6-4,207,12,2,Guard,2009,2009
203954,Joel Embiid,1994-03-16,Kansas,Cameroon,7-0,280,5,21,Center-Forward,2014,2014
1629234,Drew Eubanks,1997-02-01,Oregon State,USA,6-9,245,4,14,Forward-Center,2018,Undrafted
203957,Dante Exum,1995-07-13,                                   ,Australia,6-5,214,7,5,Guard,2014,2014
1629605,Tacko Fall,1995-12-10,Central Florida,Senegal,7-6,311,2,,Center,2019,Undrafted
202324,Derrick Favors,1991-07-15,Georgia Tech,USA,6-9,265,11,15,Forward,2010,2010
1628981,Bruno Fernando,1998-08-15,Maryland,Angola,6-9,240,2,20,Forward-Center,2019,2019
1627827,Dorian Finney-Smith,1993-05-04,Florida,USA,6-7,220,5,10,Forward,2016,Undrafted
1630238,Malik Fitts,1997-07-04,St. Mary's College,USA,6-5,230,1,8,Forward,2020,Undrafted
1630201,Malachi Flynn,1998-05-09,San Diego State,USA,6-1,175,1,22,Guard,2020,2020
1627854,Bryn Forbes,1993-07-23,Michigan State,USA,6-2,205,5,6,Guard,2016,Undrafted
1630235,Trent Forrest,1998-06-12,Florida State,USA,6-4,210,1,3,Guard,2020,Undrafted
203095,Evan Fournier,1992-10-29,Poitiers Basket 86,France,6-6,205,9,13,Guard-Forward,2012,2012
1628368,De'Aaron Fox,1997-12-20,Kentucky,USA,6-3,185,4,5,Guard,2017,2017
1628365,Markelle Fultz,1998-05-29,Washington,USA,6-4,209,4,20,Guard,2017,2017
1629117,Wenyen Gabriel,1997-03-26,Kentucky,South Sudan,6-9,205,2,35,Forward,2018,Undrafted
1629655,Daniel Gafford,1998-10-01,Arkansas,USA,6-9,234,2,21,Forward-Center,2019,2019
201568,Danilo Gallinari,1988-08-08,Olimpia Milano,Italy,6-10,236,12,8,Forward,2008,2008
204038,Langston Galloway,1991-12-09,St. Joseph's (PA),USA,6-1,200,7,,Guard,2014,Undrafted
1629636,Darius Garland,2000-01-26,Vanderbilt,USA,6-1,192,2,10,Guard,2019,2019
1630585,Marcus Garrett,1998-11-09,Kansas,USA,6-5,205,0,,Guard,2021,Undrafted
1630586,Usman Garuba,2002-03-09,Real Madrid,Spain,6-8,229,0,16,Forward,2021,2021
1630568,Luka Garza,1998-12-27,Iowa,USA,6-10,243,0,55,Center,2021,2021
200752,Rudy Gay,1986-08-17,Connecticut,USA,6-8,250,15,8,Forward-Guard,2006,2006
202331,Paul George,1990-05-02,Fresno State,USA,6-8,220,11,13,Forward,2010,2010
201959,Taj Gibson,1985-06-24,Southern California,USA,6-9,232,12,67,Forward,2009,2009
1630581,Josh Giddey,2002-10-10,NBA Global Academy,Australia,6-8,205,0,3,Guard,2021,2021
1628385,Harry Giles III,1998-04-22,Duke,USA,6-11,240,4,4,Forward-Center,2017,2017
1628983,Shai Gilgeous-Alexander,1998-07-12,Kentucky,Canada,6-6,180,3,2,Guard,2018,2018
1630264,Anthony Gill,1992-10-17,Virginia,USA,6-7,230,1,16,Forward,2020,Undrafted
1630273,Freddie Gillespie,1997-06-14,Baylor,USA,6-9,245,1,,Center,2020,Undrafted
203497,Rudy Gobert,1992-06-26,Cholet,France,7-1,258,8,27,Center,2013,2013
1630692,Jordan Goodwin,1998-10-23,St. Louis,USA,6-3,200,0,,Guard,2021,Undrafted
203932,Aaron Gordon,1995-09-16,Arizona,USA,6-8,235,7,50,Forward,2014,2014
201569,Eric Gordon,1988-12-25,Indiana,USA,6-3,215,13,10,Guard,2008,2008
1628984,Devonte' Graham,1995-02-22,Kansas,USA,6-1,195,3,4,Guard,2018,2018
203924,Jerami Grant,1994-03-12,Syracuse,USA,6-8,210,7,9,Forward,2014,2014
1629755,Hassani Gravett,1996-07-16,South Carolina,USA,6-2,187,0,,Guard,2021,2019
201980,Danny Green,1987-06-22,North Carolina,USA,6-6,215,12,14,Guard,2009,2009
203110,Draymond Green,1990-03-04,Michigan State,USA,6-6,230,9,23,Forward,2012,2012
203210,JaMychal Green,1990-06-21,Alabama,USA,6-8,227,7,0,Forward-Center,2014,Undrafted
1630224,Jalen Green,2002-02-09,NBA G League Ignite,USA,6-4,186,0,0,Guard,2021,2021
1629750,Javonte Green,1993-07-23,Radford,USA,6-5,205,2,24,Guard-Forward,2019,Undrafted
201145,Jeff Green,1986-08-28,Georgetown,USA,6-8,235,13,32,Forward,2007,2007
1630182,Josh Green,2000-11-16,Arizona,Australia,6-5,200,1,8,Guard,2020,2020
201933,Blake Griffin,1989-03-16,Oklahoma,USA,6-9,250,11,2,Forward,2009,2009
1629656,Quentin Grimes,2000-05-08,Houston,USA,6-4,210,0,6,Guard,2021,2021
1629657,Kyle Guy,1997-08-11,Virginia,USA,6-1,167,2,,Guard,2019,2019
1629060,Rui Hachimura,1998-02-08,Gonzaga,Japan,6-8,230,2,8,Forward,2019,2019
1630169,Tyrese Haliburton,2000-02-29,Iowa State,USA,6-5,185,1,0,Guard,2020,2020
1629148,Johnny Hamilton,1994-02-03,Texas-Arlington,USA,,,0,,,,Undrafted
1630181,R.J. Hampton,2001-02-07,New Zealand Breakers,USA,6-4,175,1,13,Guard,2020,2020
203501,Tim Hardaway Jr.,1992-03-16,Michigan,USA,6-5,205,8,11,Guard-Forward,2013,2013
201935,James Harden,1989-08-26,Arizona State,USA,6-5,220,12,1,Guard,2009,2009
203090,Maurice Harkless,1993-05-11,St. John's,USA,6-7,220,9,8,Forward-Guard,2012,2012
1629607,Jared Harper,1997-09-14,Auburn,USA,5-10,175,2,2,Guard,2019,Undrafted
1626149,Montrezl Harrell,1994-01-26,Louisville,USA,6-7,240,6,8,Forward-Center,2015,2015
203914,Gary Harris,1994-09-14,Michigan State,USA,6-4,210,7,14,Guard,2014,2014
203925,Joe Harris,1991-09-06,Virginia,USA,6-6,220,7,12,Guard-Forward,2014,2014
202699,Tobias Harris,1992-07-15,Tennessee,USA,6-7,226,10,12,Forward,2011,2011
1627885,Shaquille Harrison,1993-10-06,Tulsa,USA,6-4,195,4,,Guard,2017,Undrafted
1628404,Josh Hart,1995-03-06,Villanova,USA,6-5,215,4,11,Guard,2017,2017
1628392,Isaiah Hartenstein,1998-05-05,Zalgiris,Germany,7-0,250,3,55,Center-Forward,2018,2017
2617,Udonis Haslem,1980-06-09,Florida,USA,6-8,235,18,40,Forward,2003,Undrafted
1630573,Sam Hauser,1997-12-08,Virginia,USA,6-7,217,0,30,Forward,2021,Undrafted
1629637,Jaxson Hayes,2000-05-23,Texas-Austin,USA,6-11,220,2,10,Center-Forward,2019,2019
1630165,Killian Hayes,2001-07-27,Ratiopharm Ulm,France,6-5,195,1,7,Guard,2020,2020
202330,Gordon Hayward,1990-03-23,Butler,USA,6-7,225,11,20,Forward,2010,2010
1630565,Aaron Henry,1999-08-30,Michigan State,USA,6-5,210,0,,Forward,2021,Undrafted
1627823,Juancho Hernangomez,1995-09-28,Estudiantes,Spain,6-9,214,5,41,Forward,2016,2016
1626195,Willy Hernangomez,1994-05-27,Cajasol Sevilla,Spain,6-11,250,5,9,Center-Forward,2016,2015
1629639,Tyler Herro,2000-01-20,Kentucky,USA,6-5,195,2,14,Guard,2019,2019
1627741,Buddy Hield,1992-12-17,Oklahoma,Bahamas,6-4,220,5,24,Guard,2016,2016
201588,George Hill,1986-05-04,Indiana-Purdue Indianapolis,USA,6-4,188,13,3,Guard,2008,2008
203524,Solomon Hill,1991-03-18,Arizona,USA,6-6,226,8,,Forward,2013,2013
1630207,Nate Hinton,1999-06-08,Houston,USA,6-5,210,1,14,Guard-Forward,2020,Undrafted
1628988,Aaron Holiday,1996-09-30,UCLA,USA,6-0,185,3,4,Guard,2018,2018
201950,Jrue Holiday,1990-06-12,UCLA,USA,6-3,205,12,21,Guard,2009,2009
203200,Justin Holiday,1989-04-05,Washington,USA,6-6,180,8,9,Forward-Guard,2012,Undrafted
1626158,Richaun Holmes,1993-10-15,Bowling Green,USA,6-10,235,6,22,Forward,2015,2015
1629756,Daulton Hommes,1996-07-04,Point Loma,USA,,,0,,,,2019
203918,Rodney Hood,1992-10-20,Duke,USA,6-8,208,7,22,Guard-Forward,2014,2014
201143,Al Horford,1986-06-03,Florida,Dominican Republic,6-9,240,14,42,Center-Forward,2007,2007
1629659,Talen Horton-Tucker,2000-11-25,Iowa State,USA,6-4,234,2,5,Guard,2019,2019
1627863,Danuel House Jr.,1993-06-07,Texas A&M,USA,6-6,220,5,25,Forward-Guard,2016,Undrafted
2730,Dwight Howard,1985-12-08,SW Atlanta Christian Academy (GA),USA,6-10,265,17,39,Center-Forward,2004,2004
1630210,Markus Howard,1999-03-03,Marquette,USA,5-10,175,1,00,Guard,2020,Undrafted
1628989,Kevin Huerter,1998-08-27,Maryland,USA,6-7,198,3,3,Guard-Forward,2018,2018
1630643,Jay Huff,1997-08-25,Virginia,USA,7-1,240,0,,Forward,2021,Undrafted
1630190,Elijah Hughes,1998-03-10,Syracuse,USA,6-5,215,1,19,Guard,2020,2020
1630624,Feron Hunt,1999-07-05,Southern Methodist,USA,6-8,195,0,11,Forward,2021,Undrafted
1629631,De'Andre Hunter,1997-12-02,Virginia,USA,6-8,221,2,12,Forward-Guard,2019,2019
1628990,Chandler Hutchison,1996-04-26,Boise State,USA,6-6,210,4,1,Forward-Guard,2018,2018
1630538,Bones Hyland,2000-09-14,Virginia Commonwealth,USA,6-2,169,0,3,Guard,2021,2021
201586,Serge Ibaka,1989-09-18,Ricoh Manresa,Republic of the Congo,6-10,235,12,25,Forward,2009,2008
2738,Andre Iguodala,1984-01-28,Arizona,USA,6-6,215,17,9,Guard-Forward,2004,2004
204060,Joe Ingles,1987-10-02,Maccabi Tel Aviv,Australia,6-8,220,7,00,Forward-Guard,2014,Undrafted
1627742,Brandon Ingram,1997-09-02,Duke,USA,6-8,190,5,14,Forward,2016,2016
202681,Kyrie Irving,1992-03-23,Duke,Australia,6-2,195,10,11,Guard,2011,2011
1628371,Jonathan Isaac,1997-10-03,Florida State,USA,6-10,230,3,1,Forward,2017,2017
1628411,Wes Iwundu,1994-12-20,Kansas State,USA,6-6,195,4,,Forward,2017,2017
1628402,Frank Jackson,1998-05-04,Duke,USA,6-3,205,3,5,Guard,2017,2017
1630543,Isaiah Jackson,2002-01-10,Kentucky,USA,6-10,205,0,23,Forward,2021,2021
1628367,Josh Jackson,1997-02-10,Kansas,USA,6-8,207,4,55,Guard-Forward,2017,2017
202704,Reggie Jackson,1990-04-16,Boston College,USA,6-2,208,10,1,Guard,2011,2011
1628991,Jaren Jackson Jr.,1999-09-15,Michigan State,USA,6-11,242,3,13,Forward-Center,2018,2018
2544,LeBron James,1984-12-30,St. Vincent-St. Mary HS (OH),USA,6-9,250,18,6,Forward,2003,2003
1630610,DeJon Jarreau,1998-01-23,Houston,USA,6-5,185,0,,Guard,2021,Undrafted
1629660,Ty Jerome,1997-07-08,Virginia,USA,6-5,195,2,16,Guard-Forward,2019,2019
1630198,Isaiah Joe,1999-07-02,Arkansas,USA,6-4,165,1,7,Guard,2020,2020
1628993,Alize Johnson,1996-04-22,Missouri State,USA,6-8,212,3,,Forward,2018,2018
1629661,Cameron Johnson,1996-03-03,North Carolina,USA,6-8,210,2,23,Forward,2019,2019
1630525,David Johnson,2001-02-26,Louisville,USA,6-4,203,0,13,Guard,2021,2021
1630552,Jalen Johnson,2001-12-18,Duke,USA,6-8,219,0,1,Forward,2021,2021
201949,James Johnson,1987-02-20,Wake Forest,USA,6-7,240,12,,Forward,2009,2009
1629640,Keldon Johnson,1999-10-11,Kentucky,USA,6-6,220,2,3,Forward-Guard,2019,2019
1630553,Keon Johnson,2002-03-10,Tennessee,USA,6-4,185,0,6,Guard,2021,2021
1626169,Stanley Johnson,1996-05-29,Arizona,USA,6-6,242,6,14,Forward-Guard,2015,2015
203999,Nikola Jokic,1995-02-19,Mega Basket,Serbia,6-11,284,6,15,Center,2015,2014
1630637,Carlik Jones,1997-12-23,Louisville,USA,6-0,174,0,,Guard,2021,Undrafted
1627745,Damian Jones,1995-06-30,Vanderbilt,USA,6-11,245,5,30,Center,2016,2016
1630529,Herbert Jones,1998-10-06,Alabama,USA,6-7,206,0,5,Forward,2021,2021
1630539,Kai Jones,2001-01-19,Texas-Austin,Bahamas,6-10,221,0,23,Center-Forward,2021,2021
1630200,Tre Jones,2000-01-08,Duke,USA,6-1,185,1,33,Guard,2020,2020
1626145,Tyus Jones,1996-05-10,Duke,USA,6-0,196,6,21,Guard,2015,2015
1627884,Derrick Jones Jr.,1997-02-15,UNLV,USA,6-6,210,5,5,Forward,2016,Undrafted
201599,DeAndre Jordan,1988-07-21,Texas A&M,USA,6-11,265,13,9,Center,2008,2008
202709,Cory Joseph,1991-08-20,Texas-Austin,Canada,6-3,200,10,18,Guard,2011,2011
1629662,Mfiondu Kabengele,1997-08-14,Florida State,Canada,6-9,250,3,27,Forward-Center,2019,2019
1630686,Georgios Kalaitzakis,1999-01-02,                                   ,Greece,6-7,192,0,,Forward,2021,2021
1626163,Frank Kaminsky,1993-04-04,Wisconsin,USA,7-0,240,6,,Forward-Center,2015,2015
202683,Enes Freedom,1992-05-20,                                   ,Turkey,6-10,250,10,,Center,2011,2011
1628379,Luke Kennard,1996-06-24,Duke,USA,6-5,206,4,5,Guard,2017,2017
1628994,George King,1994-01-15,Colorado Boulder,USA,6-6,220,1,,Forward-Guard,2018,2018
1629663,Louis King,1999-04-06,Oregon,USA,6-7,205,2,,Forward,2019,Undrafted
1630557,Corey Kispert,1999-03-03,Gonzaga,USA,6-6,224,0,24,Forward,2021,2021
1628467,Maxi Kleber,1992-01-29,Bayern Munich,Germany,6-10,240,4,42,Forward,2017,Undrafted
1630233,Nathan Knight,1997-09-20,William & Mary,USA,6-10,253,1,13,Forward-Center,2020,Undrafted
1628995,Kevin Knox II,1999-08-11,Kentucky,USA,6-7,215,3,5,Forward,2018,2018
1629723,John Konchar,1996-03-22,Indiana-Purdue Fort Wayne,USA,6-5,210,2,46,Guard,2019,Undrafted
1627788,Furkan Korkmaz,1997-07-24,Anadolu Efes,Turkey,6-7,202,4,30,Guard-Forward,2017,2016
1630249,Vit Krejci,2000-06-19,Zaragoza,Czech Republic,6-8,195,0,27,Guard,2021,2020
1629083,Arnoldas Kulboka,1998-01-04,Bilbao,Lithuania,6-10,209,0,98,Forward,2021,2018
1630228,Jonathan Kuminga,2002-10-06,NBA G League Ignite,DRC,6-7,225,0,00,Forward,2021,2021
1628398,Kyle Kuzma,1995-07-24,Utah,USA,6-9,221,4,33,Forward,2017,2017
203897,Zach LaVine,1995-03-10,UCLA,USA,6-5,200,7,8,Guard-Forward,2014,2014
1630237,Anthony Lamb,1998-01-20,Vermont,USA,6-6,227,1,33,Forward,2020,Undrafted
203087,Jeremy Lamb,1992-05-30,Connecticut,USA,6-5,180,9,26,Guard-Forward,2012,2012
1629111,Jock Landale,1995-10-25,                                   ,Australia,6-11,255,0,34,Center,2021,Undrafted
1629641,Romeo Langford,1999-10-25,Indiana,USA,6-5,216,2,35,Guard-Forward,2019,2019
1630639,A.J. Lawson,2000-07-15,South Carolina,Canada,,,0,,,,Undrafted
1627774,Jake Layman,1994-03-07,Maryland,USA,6-8,209,5,10,Forward,2016,2016
1627747,Caris LeVert,1994-08-25,Michigan,USA,6-6,205,5,3,Guard,2016,2016
1627814,Damion Lee,1992-10-21,Drexel,USA,6-5,210,4,1,Guard-Forward,2017,Undrafted
1630240,Saben Lee,1999-06-23,Vanderbilt,USA,6-2,183,1,38,Guard,2020,2020
203458,Alex Len,1993-06-16,Maryland,Ukraine,7-0,250,8,25,Center,2013,2013
202695,Kawhi Leonard,1991-06-29,San Diego State,USA,6-7,225,10,2,Forward,2011,2011
1630665,Matt Lewis,1998-12-21,James Madison,USA,,,0,,,,Undrafted
1630575,Scottie Lewis,2000-03-12,Florida,USA,6-5,185,0,16,Guard,2021,2021
1630184,Kira Lewis Jr.,2001-04-06,Alabama,USA,6-1,170,1,13,Guard,2020,2020
203081,Damian Lillard,1990-07-15,Weber State,USA,6-2,195,9,0,Guard,2012,2012
1629642,Nassir Little,2000-02-11,North Carolina,USA,6-5,220,2,9,Forward-Guard,2019,2019
1630587,Isaiah Livers,1998-07-28,Michigan,USA,6-6,232,0,12,Forward,2021,2021
1626172,Kevon Looney,1996-02-06,UCLA,USA,6-9,222,6,5,Forward,2015,2015
201572,Brook Lopez,1988-04-01,Stanford,USA,7-0,282,13,11,Center,2008,2008
201577,Robin Lopez,1988-04-01,Stanford,USA,7-0,281,13,33,Center,2008,2008
1629712,Didi Louzada,1999-07-02,Sydney Kings,Brazil,6-5,188,1,35,Guard,2020,2019
201567,Kevin Love,1988-09-07,UCLA,USA,6-8,251,13,0,Forward-Center,2008,2008
200768,Kyle Lowry,1986-03-25,Villanova,USA,6-0,196,15,7,Guard,2006,2006
1627789,Timothe Luwawu-Cabarrot,1995-05-09,Mega Basket,France,6-7,215,5,7,Guard-Forward,2016,2016
1626168,Trey Lyles,1995-11-05,Kentucky,Canada,6-9,234,6,41,Forward,2015,2015
1630177,Theo Maledon,2001-06-12,Asvel,France,6-4,175,1,11,Guard,2020,2020
1630572,Sandro Mamukelashvili,1999-05-23,Seton Hall,Georgia,6-9,240,0,54,Forward-Center,2021,2021
1629611,Terance Mann,1996-10-18,Florida State,USA,6-5,215,2,14,Guard-Forward,2019,2019
1630544,Tre Mann,2001-02-03,Florida,USA,6-3,178,0,23,Guard,2021,2021
1626246,Boban Marjanovic,1988-08-15,Crvena zvezda,Serbia,7-3,290,6,51,Center,2015,Undrafted
1628374,Lauri Markkanen,1997-05-22,Arizona,Finland,6-11,240,4,24,Forward-Center,2017,2017
1630230,Naji Marshall,1998-01-24,Xavier,USA,6-7,220,1,8,Forward,2020,Undrafted
1628997,Caleb Martin,1995-09-28,Nevada-Reno,USA,6-5,205,2,16,Forward,2019,Undrafted
1628998,Cody Martin,1995-09-28,Nevada-Reno,USA,6-6,205,2,11,Forward,2019,2019
1630231,Kenyon Martin Jr.,2001-01-06,IMG Academy (FL),USA,6-5,215,1,6,Forward,2020,2020
1629103,Kelan Martin,1995-08-03,Butler,USA,6-5,230,3,21,Forward,2019,Undrafted
1629726,Garrison Mathews,1996-10-24,Lipscomb,USA,6-5,215,2,25,Guard,2019,Undrafted
1630178,Tyrese Maxey,2000-11-04,Kentucky,USA,6-2,200,1,0,Guard,2020,2020
1630219,Skylar Mays,1997-09-05,Louisiana State,USA,6-4,205,1,4,Guard,2020,2020
1630540,Miles McBride,2000-09-08,West Virginia,USA,6-1,195,0,2,Guard,2021,2021
1630644,Mac McClung,1999-01-06,Texas Tech,USA,6-2,185,0,00,Guard,2021,Undrafted
203468,CJ McCollum,1991-09-19,Lehigh,USA,6-3,190,8,3,Guard,2013,2013
204456,T.J. McConnell,1992-03-25,Arizona,USA,6-1,190,6,9,Guard,2015,2015
1630183,Jaden McDaniels,2000-09-29,Washington,USA,6-9,185,1,3,Forward,2020,2020
1629667,Jalen McDaniels,1998-01-31,San Diego State,USA,6-9,205,2,6,Forward-Center,2019,2019
203926,Doug McDermott,1992-01-03,Creighton,USA,6-7,225,7,17,Forward,2014,2014
1630253,Sean McDermott,1996-11-03,Butler,USA,6-6,195,2,30,Forward,2020,Undrafted
201580,JaVale McGee,1988-01-19,Nevada-Reno,USA,7-0,270,13,00,Center-Forward,2008,2008
203585,Rodney McGruder,1991-07-29,Kansas State,USA,6-4,205,5,17,Guard,2016,Undrafted
1630605,JaQuori McLaughlin,1998-01-29,Cal-Santa Barbara,USA,6-4,190,0,,Guard,2021,Undrafted
1629162,Jordan McLaughlin,1996-04-09,Southern California,USA,5-11,185,2,6,Guard,2019,Undrafted
203463,Ben McLemore,1993-02-11,Kansas,USA,6-3,195,8,23,Guard,2013,2013
1629001,De'Anthony Melton,1998-05-28,Southern California,USA,6-2,200,3,0,Guard,2018,2018
1630241,Sam Merrill,1996-05-15,Utah State,USA,6-4,205,1,,Guard,2020,2020
1629002,Chimezie Metu,1997-03-22,Southern California,USA,6-9,225,3,7,Forward-Center,2018,2018
203114,Khris Middleton,1991-08-12,Texas A&M,USA,6-7,222,9,22,Forward,2012,2012
1630627,Isaiah Miller,1997-11-09,North Carolina-Greensboro,USA,,,0,,,,Undrafted
201988,Patty Mills,1988-08-11,St.Mary's College of California,Australia,6-0,180,12,8,Guard,2009,2009
200794,Paul Millsap,1985-02-10,Louisiana Tech,USA,6-7,257,15,8,Forward,2006,2006
1629003,Shake Milton,1996-09-26,Southern Methodist,USA,6-5,205,3,18,Guard-Forward,2018,2018
1630558,Davion Mitchell,1998-09-05,Baylor,USA,6-0,202,0,15,Guard,2021,2021
1628378,Donovan Mitchell,1996-09-07,Louisville,USA,6-1,215,4,45,Guard,2017,2017
1630596,Evan Mobley,2001-06-18,Southern California,USA,6-11,215,0,4,Center,2021,2021
1628370,Malik Monk,1998-02-04,Kentucky,USA,6-3,200,4,11,Guard,2017,2017
1630541,Moses Moody,2002-05-31,Arkansas,USA,6-5,211,0,4,Guard,2021,2021
202734,E'Twaun Moore,1989-02-25,Purdue,USA,6-3,191,11,55,Guard,2011,2011
1629630,Ja Morant,1999-08-10,Murray State,USA,6-3,174,2,12,Guard,2019,2019
1629752,Juwan Morgan,1997-04-17,Indiana,USA,6-7,232,2,16,Forward,2019,Undrafted
202693,Markieff Morris,1989-09-02,Kansas,USA,6-9,245,10,8,Forward,2011,2011
1628420,Monte Morris,1995-06-27,Iowa State,USA,6-2,183,4,11,Guard,2017,2017
202694,Marcus Morris Sr.,1989-09-02,Kansas,USA,6-8,218,10,8,Forward,2011,2011
1628539,Mychal Mulder,1994-06-12,Kentucky,Canada,6-3,195,2,12,Guard,2019,Undrafted
1630530,Trey Murphy III,2000-06-18,Virginia,USA,6-8,206,0,25,Forward,2021,2021
1627749,Dejounte Murray,1996-09-19,Washington,USA,6-4,180,4,5,Guard,2016,2016
1627750,Jamal Murray,1997-02-23,Kentucky,Canada,6-3,215,5,27,Guard,2016,2016
203488,Mike Muscala,1991-07-01,Bucknell,USA,6-10,240,8,33,Forward-Center,2013,2013
1629004,Svi Mykhailiuk,1997-06-10,Kansas,Ukraine,6-7,205,3,14,Guard-Forward,2018,2018
1627846,Abdel Nader,1993-09-25,Iowa State,Egypt,6-5,225,4,,Forward,2017,2016
1626204,Larry Nance Jr.,1993-01-01,Wyoming,USA,6-7,245,6,22,Forward-Center,2015,2015
1630612,RJ Nembhard Jr.,1999-03-22,TCU,USA,6-4,200,0,5,Guard,2021,Undrafted
1630174,Aaron Nesmith,1999-10-16,Vanderbilt,USA,6-5,215,1,26,Guard-Forward,2020,2020
203526,Raul Neto,1992-05-19,Murcia,Brazil,6-2,180,6,19,Guard,2015,2013
1627777,Georges Niang,1993-06-17,Iowa State,USA,6-7,230,5,20,Forward,2016,2016
1630227,Daishen Nix,2002-02-13,NBA G League Ignite,USA,6-4,226,0,15,Guard,2021,Undrafted
1630192,Zeke Nnaji,2001-01-09,Arizona,USA,6-9,240,1,22,Forward-Center,2020,2020
203457,Nerlens Noel,1994-04-10,Kentucky,USA,6-11,220,7,3,Center-Forward,2013,2013
1629669,Jaylen Nowell,1999-07-09,Washington,USA,6-4,201,2,4,Guard,2019,2019
1628373,Frank Ntilikina,1998-07-28,Strasbourg IG,France,6-4,200,4,21,Guard,2017,2017
1629134,Kendrick Nunn,1995-08-03,Oakland,USA,6-2,190,2,12,Guard,2018,Undrafted
203994,Jusuf Nurkic,1994-08-23,Cedevita,Bosnia and Herzegovina,6-11,290,7,27,Center,2014,2014
1628021,David Nwaba,1993-01-14,Cal Poly,USA,6-5,219,5,2,Guard-Forward,2016,Undrafted
1629670,Jordan Nwora,1998-09-09,Louisville,USA,6-8,225,1,13,Forward,2020,2020
203948,Johnny O'Bryant III,1993-06-01,Louisiana State,USA,6-9,257,5,,Forward,2014,2014
1626220,Royce O'Neale,1993-06-05,Baylor,USA,6-5,226,4,23,Forward,2017,Undrafted
1628400,Semi Ojeleye,1994-12-05,Southern Methodist,USA,6-6,240,5,37,Forward,2017,2017
1626143,Jahlil Okafor,1995-12-15,Duke,USA,6-10,270,7,13,Center-Forward,2015,2015
1629643,Chuma Okeke,1998-08-18,Auburn,USA,6-6,229,1,3,Forward,2020,2019
1629006,Josh Okogie,1998-09-01,Georgia Tech,Nigeria,6-4,213,3,20,Guard,2018,2018
1630168,Onyeka Okongwu,2000-12-11,Southern California,USA,6-8,240,1,17,Forward-Center,2020,2020
1630171,Isaac Okoro,2001-01-26,Auburn,USA,6-5,225,1,35,Forward-Guard,2020,2020
1629644,KZ Okpala,1999-04-28,Stanford,USA,6-8,215,2,,Forward-Guard,2019,2019
203506,Victor Oladipo,1992-05-04,Indiana,USA,6-4,213,8,4,Guard,2013,2013
1628419,Cameron Oliver,1996-07-11,Nevada,USA,6-8,239,1,,Forward,2020,Undrafted
203482,Kelly Olynyk,1991-04-19,Gonzaga,Canada,6-11,240,8,13,Forward-Center,2013,2013
1630647,Eugene Omoruyi,1997-02-14,Oregon,Nigeria,6-6,235,0,,Forward,2021,Undrafted
1629671,Miye Oni,1997-08-04,Yale,USA,6-5,206,2,,Guard-Forward,2019,2019
1626224,Cedi Osman,1995-04-08,Anadolu Efes,Turkey,6-7,230,4,16,Forward,2017,2015
1630187,Daniel Oturu,1999-09-20,Minnesota,USA,6-8,240,1,,Center,2020,2020
1626162,Kelly Oubre Jr.,1995-12-09,Kansas,USA,6-6,203,6,12,Forward-Guard,2015,2015
1630698,Kevin Pangos,1993-01-26,Gonzaga,Canada,6-1,179,0,,Guard,2021,Undrafted
203953,Jabari Parker,1995-03-15,Duke,USA,6-7,245,7,,Forward,2014,2014
1629672,Eric Paschall,1996-11-04,Villanova,USA,6-6,255,2,0,Forward,2019,2019
202335,Patrick Patterson,1989-03-14,Kentucky,USA,6-8,235,12,54,Forward,2010,2010
101108,Chris Paul,1985-05-06,Wake Forest,USA,6-0,175,16,3,Guard,2005,2005
1626166,Cameron Payne,1994-08-08,Murray State,USA,6-1,183,6,15,Guard,2015,2015
203901,Elfrid Payton,1994-02-22,Louisana-Lafayette,USA,6-3,195,7,2,Guard,2014,2014
1627780,Gary Payton II,1992-12-01,Oregon State,USA,6-3,195,5,0,Guard,2016,Undrafted
1629617,Reggie Perry,2000-03-21,Mississippi State,USA,6-8,250,1,,Forward-Center,2020,2020
1630691,Jamorko Pickett,1997-12-24,Georgetown,USA,6-9,206,0,24,Forward,2021,Undrafted
1629033,Theo Pinson,1995-11-05,North Carolina,USA,6-5,212,3,1,Guard-Forward,2018,Undrafted
203486,Mason Plumlee,1990-03-05,Duke,USA,6-11,254,8,24,Forward-Center,2013,2013
1627751,Jakob Poeltl,1995-10-15,Utah,Austria,7-1,245,5,25,Center,2016,2016
1630197,Aleksej Pokusevski,2001-12-26,Olympiacos,Serbia,7-0,190,1,17,Forward,2020,2020
1630582,Yves Pons,1999-05-07,Tennessee,France,6-5,206,0,5,Forward,2021,Undrafted
1629673,Jordan Poole,1999-06-19,Michigan,USA,6-4,194,2,3,Guard,2019,2019
1629645,Kevin Porter Jr.,2000-05-04,Southern California,USA,6-4,203,2,3,Guard-Forward,2019,2019
1629008,Michael Porter Jr.,1998-06-29,Missouri,USA,6-10,218,2,1,Forward,2018,2018
203490,Otto Porter Jr.,1993-06-03,Georgetown,USA,6-8,198,8,32,Forward,2013,2013
1626171,Bobby Portis,1995-02-10,Arkansas,USA,6-10,250,6,9,Forward,2015,2015
204001,Kristaps Porzingis,1995-08-02,Cajasol Sevilla,Latvia,7-3,240,5,6,Forward-Center,2015,2015
1630695,Micah Potter,1998-04-06,Wisconsin,USA,6-10,248,0,,Center,2021,Undrafted
203939,Dwight Powell,1991-07-20,Stanford,Canada,6-10,240,7,7,Forward-Center,2014,2014
1626181,Norman Powell,1993-05-25,UCLA,USA,6-3,215,6,24,Guard,2015,2015
1630554,Jason Preston,1999-08-10,Ohio,USA,6-3,181,0,17,Guard,2021,2021
1630563,Joshua Primo,2002-12-24,Alabama,Canada,6-4,189,0,11,Guard,2021,2021
1627752,Taurean Prince,1994-03-22,Baylor,USA,6-6,218,5,12,Forward,2016,2016
1630202,Payton Pritchard,1998-01-28,Oregon,USA,6-1,195,1,11,Guard,2020,2020
1630243,Trevelin Queen,1997-02-25,New Mexico State,USA,6-6,190,0,21,Guard,2021,Undrafted
1629674,Neemias Queta,1999-07-13,Utah State,Portugal,7-0,248,0,88,Center,2021,2021
1630193,Immanuel Quickley,1999-06-17,Kentucky,USA,6-3,190,1,5,Guard,2020,2020
1630186,Jahmi'us Ramsey,2001-06-09,Texas Tech,USA,6-3,190,1,,Guard,2020,2020
1626184,Chasson Randle,1993-02-05,Stanford,USA,6-2,185,5,25,Guard,2016,2015
203944,Julius Randle,1994-11-29,Kentucky,USA,6-8,250,7,30,Forward-Center,2014,2014
1630559,Austin Reaves,1998-05-29,Oklahoma,USA,6-5,197,0,15,Guard,2021,Undrafted
1629629,Cam Reddish,1999-09-01,Duke,USA,6-8,217,2,21,Forward-Guard,2019,2019
1628432,Davon Reed,1995-06-11,Miami,USA,6-5,206,2,9,Guard,2017,2017
1630194,Paul Reed,1999-06-14,DePaul,USA,6-9,210,1,44,Forward,2020,2020
1629675,Naz Reid,1999-08-26,Louisiana State,USA,6-9,264,2,11,Center-Forward,2019,Undrafted
1630208,Nick Richards,1997-11-29,Kentucky,Jamaica,7-0,245,1,14,Center,2020,2020
1626196,Josh Richardson,1993-09-15,Tennessee,USA,6-5,200,6,7,Guard,2015,2015
1630203,Grant Riller,1997-02-08,College of Charleston,USA,6-2,190,2,7,Guard,2020,2020
203085,Austin Rivers,1992-08-01,Duke,USA,6-4,200,9,25,Guard,2012,2012
1629130,Duncan Robinson,1994-04-22,Michigan,USA,6-7,215,3,55,Forward,2018,Undrafted
1629620,Justin Robinson,1997-10-12,Virginia Tech,USA,6-1,195,2,,Guard,2019,2019
1629011,Mitchell Robinson,1998-04-01,Western Kentucky,USA,7-0,240,3,23,Center-Forward,2018,2018
1630526,Jeremiah Robinson-Earl,2000-11-03,Villanova,USA,6-8,242,0,50,Forward,2021,2021
1629676,Isaiah Roby,1998-02-03,Nebraska-Lincoln,USA,6-8,230,2,22,Forward,2019,2019
200765,Rajon Rondo,1986-02-22,Kentucky,USA,6-1,180,15,1,Guard,2006,2006
201565,Derrick Rose,1988-10-04,Memphis,USA,6-2,200,12,4,Guard,2008,2008
203082,Terrence Ross,1991-02-05,Washington,USA,6-6,206,9,31,Guard-Forward,2012,2012
1626179,Terry Rozier,1994-03-17,Louisville,USA,6-1,190,6,3,Guard,2015,2015
201937,Ricky Rubio,1990-10-21,FC Barcelona,Spain,6-2,190,10,99,Guard,2011,2009
1626156,D'Angelo Russell,1996-02-23,Ohio State,USA,6-4,193,6,0,Guard,2015,2015
1630346,Matt Ryan,1997-04-17,Tennessee-Chattanooga,USA,6-7,215,0,,Forward,2021,Undrafted
1627734,Domantas Sabonis,1996-05-03,Gonzaga,Lithuania,6-11,240,5,10,Forward-Center,2016,2016
1629677,Luka Samanic,2000-01-09,                                   ,Croatia,6-10,227,3,19,Forward,2019,2019
203967,Dario Saric,1994-04-08,Anadolu Efes,Croatia,6-10,225,5,20,Forward-Center,2016,2014
203107,Tomas Satoransky,1991-10-30,FC Barcelona,Czech Republic,6-7,210,5,31,Guard,2016,2012
1630648,Jordan Schakel,1998-06-13,San Diego State,USA,6-6,200,0,20,Guard,2021,Undrafted
1629678,Admiral Schofield,1997-03-30,Tennessee,United Kingdom,6-5,241,1,25,Forward,2019,2019
203471,Dennis Schroder,1993-09-15,Braunschweig,Germany,6-1,172,8,17,Guard,2013,2013
1630206,Jay Scrubb,2000-09-01,John A. Logan,USA,6-5,220,1,0,Guard,2020,2020
1627782,Wayne Selden,1994-09-30,Kansas,USA,6-4,232,3,,Guard,2016,2016
1630578,Alperen Sengun,2002-07-25,Besiktas,Turkey,6-10,243,0,28,Center,2021,2021
1629012,Collin Sexton,1999-01-04,Alabama,USA,6-1,190,3,2,Guard,2018,2018
1629013,Landry Shamet,1997-03-13,Wichita State,USA,6-4,190,3,14,Guard,2018,2018
1630549,Day'Ron Sharpe,2001-11-06,North Carolina,USA,6-9,265,0,20,Forward,2021,2021
1627783,Pascal Siakam,1994-04-02,New Mexico State,Cameroon,6-8,230,5,43,Forward,2016,2016
1629735,Chris Silva,1996-09-19,South Carolina,Gabon,6-8,234,2,,Forward,2019,Undrafted
1627732,Ben Simmons,1996-07-20,Louisiana State,Australia,6-11,240,4,10,Guard-Forward,2016,2016
1630603,Aamir Simms,1999-02-17,Clemson,USA,,,0,,,,Undrafted
1630250,Marko Simonovic,1999-10-15,Mega Basket,Montenegro,6-11,220,0,19,Center,2021,2020
1629014,Anfernee Simons,1999-06-08,Edgewater HS (FL),USA,6-3,181,3,1,Guard,2018,2018
1630579,Jericho Sims,1998-10-20,Texas-Austin,USA,6-9,250,0,45,Center,2021,2021
1630606,Javonte Smart,1999-06-03,Louisiana State,USA,6-4,205,0,15,Guard,2021,Undrafted
203935,Marcus Smart,1994-03-06,Oklahoma State,USA,6-4,220,7,36,Guard,2014,2014
1630607,Chris Smith,1999-12-24,UCLA,USA,,,0,,,,Undrafted
1630696,Dru Smith,1997-12-30,Missouri,USA,,,0,,,,Undrafted
202397,Ish Smith,1988-07-05,Wake Forest,USA,6-0,175,11,4,Guard,2010,Undrafted
1630188,Jalen Smith,2000-03-16,Maryland,USA,6-10,215,1,25,Forward-Center,2020,2020
1628372,Dennis Smith Jr.,1997-11-25,North Carolina State,USA,6-2,205,4,,Guard,2017,2017
1630270,Xavier Sneed,1997-12-21,Kansas State,USA,6-5,215,0,19,Forward,2021,Undrafted
203503,Tony Snell,1991-11-10,New Mexico,USA,6-6,213,8,21,Guard,2013,2013
1630531,Jaden Springer,2002-09-25,Tennessee,USA,6-4,202,0,11,Guard,2021,2021
1630199,Cassius Stanley,1999-08-18,Duke,USA,6-5,190,2,2,Guard,2020,2020
1630205,Lamar Stevens,1997-07-09,Penn State,USA,6-6,230,1,8,Forward,2020,Undrafted
1630569,DJ Steward,2001-10-02,Duke,USA,,,0,,,,Undrafted
1630597,DJ Stewart,1999-07-28,Mississippi State,USA,6-5,205,0,18,Guard,2021,Undrafted
1630191,Isaiah Stewart,2001-05-22,Washington,USA,6-8,250,1,28,Forward-Center,2020,2020
1629622,Max Strus,1996-03-28,DePaul,USA,6-5,215,2,31,Guard-Forward,2019,Undrafted
1630591,Jalen Suggs,2001-06-03,Gonzaga,USA,6-5,205,0,4,Guard,2021,2021
1628410,Edmond Sumner,1995-12-31,Xavier,USA,6-4,196,5,5,Guard,2017,2017
1626208,Keifer Sykes,1993-12-30,Wisc.-Green Bay,USA,5-11,167,0,,Guard,2021,Undrafted
1630256,Jae'Sean Tate,1995-10-28,Ohio State,USA,6-4,230,1,8,Forward,2020,Undrafted
1628369,Jayson Tatum,1998-03-03,Duke,USA,6-8,210,4,0,Forward-Guard,2017,2017
1630678,Terry Taylor,1999-09-23,Austin Peay,USA,6-5,230,0,32,Forward,2021,Undrafted
1630617,MaCio Teague,1997-06-11,Baylor,USA,,,0,,,,Undrafted
202066,Garrett Temple,1986-05-08,Louisiana State,USA,6-5,195,11,41,Guard-Forward,2009,Undrafted
1629150,Emanuel Terry,1996-08-21,Lincoln Memorial,USA,6-9,220,1,,Forward,2018,Undrafted
1630179,Tyrell Terry,2000-09-28,Stanford,USA,6-2,160,1,3,Guard,2020,2020
1630257,Jon Teske,1997-05-04,Michigan,USA,7-1,265,0,,Center,2021,Undrafted
1628464,Daniel Theis,1992-04-04,Brose Bamberg,Germany,6-9,245,4,27,Forward-Center,2017,Undrafted
1630271,Brodric Thomas,1997-01-28,Truman State,USA,6-5,185,1,97,Guard,2020,Undrafted
1630560,Cam Thomas,2001-10-13,Louisiana State,Japan,6-3,210,0,24,Guard,2021,2021
1629017,Khyri Thomas,1996-05-08,Creighton,USA,6-3,210,4,13,Guard,2018,2018
1629744,Matt Thomas,1994-08-04,Iowa State,USA,6-3,190,2,21,Guard,2019,Undrafted
1630679,Ethan Thompson,1999-05-04,Oregon State,Puerto Rico,,,0,,,,Undrafted
202691,Klay Thompson,1990-02-08,Washington State,USA,6-6,220,8,11,Guard,2011,2011
202684,Tristan Thompson,1991-03-13,Texas-Austin,Canada,6-9,254,10,3,Center-Forward,2011,2011
1630550,JT Thor,2002-08-26,Auburn,USA,6-9,203,0,21,Forward,2021,2021
1629680,Matisse Thybulle,1997-03-04,Washington,USA,6-5,201,2,22,Guard-Forward,2019,2019
1629681,Killian Tillie,1998-03-05,Gonzaga,France,6-9,220,1,35,Forward-Center,2020,Undrafted
1630214,Xavier Tillman,1999-01-12,Michigan State,USA,6-8,245,1,2,Forward,2020,2020
1630225,Isaiah Todd,2001-10-17,NBA G League Ignite,USA,6-9,219,0,14,Forward,2021,2021
1630167,Obi Toppin,1998-03-04,Dayton,USA,6-9,220,1,1,Forward,2020,2020
1629308,Juan Toscano-Anderson,1993-04-10,Marquette,USA,6-6,209,2,95,Forward,2019,Undrafted
1626157,Karl-Anthony Towns,1995-11-15,Kentucky,USA,6-11,248,6,32,Center-Forward,2015,2015
1629018,Gary Trent Jr.,1999-01-18,Duke,USA,6-5,209,3,33,Guard-Forward,2018,2018
200782,P.J. Tucker,1985-05-05,Texas-Austin,USA,6-5,245,10,17,Forward,2006,2006
1626167,Myles Turner,1996-03-24,Texas-Austin,USA,6-11,250,6,33,Center-Forward,2015,2015
202685,Jonas Valanciunas,1992-05-06,Lietuvos rytas Vilnius,Lithuania,6-11,265,9,17,Center,2012,2011
1627756,Denzel Valentine,1993-11-16,Michigan State,USA,6-4,220,4,,Guard,2016,2016
1627832,Fred VanVleet,1994-02-25,Wichita State,USA,6-1,197,5,23,Guard,2016,Undrafted
1629020,Jarred Vanderbilt,1999-04-03,Kentucky,USA,6-9,214,3,8,Forward,2018,2018
1630170,Devin Vassell,2000-08-23,Florida State,USA,6-5,200,1,24,Guard-Forward,2020,2020
1629216,Gabe Vincent,1996-06-14,California-Santa Barbara,USA,6-3,200,2,2,Guard,2019,Undrafted
202696,Nikola Vucevic,1990-10-24,Southern California,Montenegro,6-10,260,10,9,Center,2011,2011
1629731,Dean Wade,1996-11-20,Kansas State,USA,6-9,228,2,32,Forward-Center,2019,Undrafted
1630532,Franz Wagner,2001-08-27,Michigan,Germany,6-10,220,0,22,Forward,2021,2021
1629021,Moritz Wagner,1997-04-26,Michigan,Germany,6-11,245,3,21,Forward-Center,2018,2018
1630688,Ish Wainright,1994-09-12,Baylor,USA,6-5,250,0,12,Forward,2021,Undrafted
202689,Kemba Walker,1990-05-08,Connecticut,USA,6-0,184,10,8,Guard,2011,2011
1630640,MJ Walker,1998-03-28,Florida State,USA,6-5,213,0,,Guard,2021,Undrafted
1629022,Lonnie Walker IV,1998-12-14,Miami,USA,6-4,204,3,1,Guard-Forward,2018,2018
202322,John Wall,1990-09-06,Kentucky,USA,6-3,210,10,1,Guard,2010,2010
1628476,Derrick Walton Jr.,1995-04-03,Michigan,USA,6-0,185,2,,Guard,2017,Undrafted
203933,T.J. Warren,1993-09-05,North Carolina State,USA,6-8,220,7,1,Forward,2014,2014
1629023,P.J. Washington,1998-08-23,Kentucky,USA,6-7,230,2,25,Forward,2019,2019
1630613,Duane Washington Jr.,2000-03-24,Ohio State,Germany,6-3,197,0,4,Guard,2021,Undrafted
1629139,Yuta Watanabe,1994-10-13,George Washington,Japan,6-9,215,3,18,Guard-Forward,2018,Undrafted
1629682,Tremont Waters,1998-01-10,Louisiana State,USA,5-10,175,3,51,Guard,2019,2019
1630570,Trendon Watford,2000-11-09,Louisiana State,USA,6-8,237,0,2,Forward,2021,Undrafted
1628778,Paul Watson,1994-12-30,Fresno State,USA,6-6,210,2,,Guard,2019,Undrafted
201566,Russell Westbrook,1988-11-12,UCLA,USA,6-3,200,13,0,Guard,2008,2008
1629632,Coby White,2000-02-16,North Carolina,USA,6-4,195,2,0,Guard,2019,2019
1628401,Derrick White,1994-07-02,Colorado,USA,6-4,190,4,9,Guard,2017,2017
202355,Hassan Whiteside,1989-06-13,Marshall,USA,7-0,265,9,21,Center,2010,2010
1630580,Joe Wieskamp,1999-08-23,Iowa,USA,6-6,205,0,15,Guard-Forward,2021,2021
1630598,Aaron Wiggins,1999-01-02,Maryland,USA,6-4,190,0,21,Guard,2021,2021
203952,Andrew Wiggins,1995-02-23,Kansas,Canada,6-7,197,7,22,Forward,2014,2014
1629684,Grant Williams,1998-11-30,Tennessee,USA,6-6,236,2,12,Forward,2019,2019
1629026,Kenrich Williams,1994-12-02,TCU,USA,6-6,210,3,34,Guard-Forward,2018,Undrafted
101150,Lou Williams,1986-10-27,South Gwinnett HS (GA),USA,6-2,175,16,6,Guard,2005,2005
1630172,Patrick Williams,2001-08-26,Florida State,USA,6-7,215,1,44,Forward,2020,2020
1630533,Ziaire Williams,2001-09-12,Stanford,USA,6-9,185,0,8,Forward,2021,2021
1629057,Robert Williams III,1997-10-17,Texas A&M,USA,6-9,237,3,44,Center-Forward,2018,2018
1629627,Zion Williamson,2000-07-06,Duke,USA,6-6,284,2,1,Forward,2019,2019
1628391,D.J. Wilson,1996-02-19,Michigan,USA,6-10,231,4,,Forward,2017,2017
1629685,Dylan Windler,1996-09-22,Belmont,USA,6-6,196,1,9,Guard-Forward,2019,2019
1626159,Justise Winslow,1996-03-26,Duke,USA,6-6,222,6,26,Forward-Guard,2015,2015
1630216,Cassius Winston,1998-02-28,Michigan State,USA,6-1,185,1,5,Guard,2020,2020
1630164,James Wiseman,2001-03-31,Memphis,USA,7-0,240,1,33,Center,2020,2020
1626174,Christian Wood,1995-09-27,UNLV,USA,6-9,214,5,35,Forward,2015,Undrafted
1630218,Robert Woodard II,1999-09-22,Mississippi State,USA,6-6,235,1,28,Forward,2020,2020
1626153,Delon Wright,1992-04-26,Utah,USA,6-5,185,6,0,Guard,2015,2015
1630589,Moses Wright,1998-12-23,Georgia Tech,USA,6-8,226,0,5,Forward,2021,Undrafted
1630593,McKinley Wright IV,1998-10-25,Colorado,USA,5-11,192,0,25,Guard,2021,Undrafted
201152,Thaddeus Young,1988-06-21,Georgia Tech,USA,6-8,235,14,21,Forward,2007,2007
1629027,Trae Young,1998-09-19,Oklahoma,USA,6-1,164,3,11,Guard,2018,2018
1630209,Omer Yurtseven,1998-06-19,Georgetown,Turkey,6-11,275,0,77,Center,2020,Undrafted
203469,Cody Zeller,1992-10-05,Indiana,USA,6-11,240,9,40,Forward-Center,2013,2013
1627826,Ivica Zubac,1997-03-18,Mega Basket,Croatia,7-0,240,5,40,Center,2016,2016
